College,Players Qty,Player,End Year
University of Southern California Baseball Players,120,MLB Player Name,ayed
University of Southern California Baseball Players,120,Fay Thomas,1925
University of Southern California Baseball Players,120,Red Badgro,1927
University of Southern California Baseball Players,120,Jesse Hill,1930
University of Southern California Baseball Players,120,Rod Dedeaux,1935
University of Southern California Baseball Players,120,Joe Gonzales,1937
University of Southern California Baseball Players,120,Johnny Berardino,1937
University of Southern California Baseball Players,120,Bruce Konopka,1942
University of Southern California Baseball Players,120,Jack Brewer (LBCC),1940
University of Southern California Baseball Players,120,Merl Combs,1941
University of Southern California Baseball Players,120,"Wally Hood, Jr.",1948
University of Southern California Baseball Players,120,Hank Workman,1948
University of Southern California Baseball Players,120,Archie Wilson (California),1946
University of Southern California Baseball Players,120,Jim Brideweser,1949
University of Southern California Baseball Players,120,Gail Henley,1948
University of Southern California Baseball Players,120,Rudy Regalado,1950
University of Southern California Baseball Players,120,Al Silvera,1955
University of Southern California Baseball Players,120,Buddy Pritchard,1956
University of Southern California Baseball Players,120,Barry Latman,1955
University of Southern California Baseball Players,120,Bob Lillis,1951
University of Southern California Baseball Players,120,Johnny James,1952
University of Southern California Baseball Players,120,Ron Fairly,1958
University of Southern California Baseball Players,120,Kent Hadley,1956
University of Southern California Baseball Players,120,Jim McAnany,1955
University of Southern California Baseball Players,120,Len Gabrielson,1959
University of Southern California Baseball Players,120,Ron Stillwell,1961
University of Southern California Baseball Players,120,Tom Satriano,1961
University of Southern California Baseball Players,120,Dan Ardell,1961
University of Southern California Baseball Players,120,Don Buford,1959
University of Southern California Baseball Players,120,Johnny Werhas,1959
University of Southern California Baseball Players,120,Rex Johnston,1959
University of Southern California Baseball Players,120,Rene Lachemann,1963
University of Southern California Baseball Players,120,Bill Heath,1960
University of Southern California Baseball Players,120,Gary Sutherland,1964
University of Southern California Baseball Players,120,Tom Seaver (Fresno City),1965
University of Southern California Baseball Players,120,Mike Adamson,1967
University of Southern California Baseball Players,120,Gary Holman,1963
University of Southern California Baseball Players,120,Marcel Lachemann,1962
University of Southern California Baseball Players,120,Bill Lee,1968
University of Southern California Baseball Players,120,Ray Lamb,1966
University of Southern California Baseball Players,120,Oscar Brown,1966
University of Southern California Baseball Players,120,Wally Wolf,1961
University of Southern California Baseball Players,120,Tom House,1967
University of Southern California Baseball Players,120,Dave Kingman,1970
University of Southern California Baseball Players,120,Jim Barr,1970
University of Southern California Baseball Players,120,Brent Strom,1970
University of Southern California Baseball Players,120,Steve Busby,1971
University of Southern California Baseball Players,120,Fred Lynn,1973
University of Southern California Baseball Players,120,Roy Smalley,1973
University of Southern California Baseball Players,120,Eric Raich,1971
University of Southern California Baseball Players,120,Pete Redfern,1975
University of Southern California Baseball Players,120,Ed Putman,1974
University of Southern California Baseball Players,120,Rich Dauer,1974
University of Southern California Baseball Players,120,Steve Kemp,1975
University of Southern California Baseball Players,120,Dennis Littlejohn,1975
University of Southern California Baseball Players,120,Randy Scarbery,1973
University of Southern California Baseball Players,120,Bill Bordley,1978
University of Southern California Baseball Players,120,Bobby Mitchell,1977
University of Southern California Baseball Players,120,Dave Engle,1978
University of Southern California Baseball Players,120,Chris Smith,1978
University of Southern California Baseball Players,120,Tim Tolman,1978
University of Southern California Baseball Players,120,Dave Hostetler,1978
University of Southern California Baseball Players,120,Jeff Schattinger,1978
University of Southern California Baseball Players,120,Dave Van Gorder,1978
University of Southern California Baseball Players,120,Bob Skube,1979
University of Southern California Baseball Players,120,Mike Couchee (San Diego),1980
University of Southern California Baseball Players,120,Dave Leeper,1981
University of Southern California Baseball Players,120,Stu Pederson (Pacific),1981
University of Southern California Baseball Players,120,Mark McGwire,1984
University of Southern California Baseball Players,120,Randy Johnson,1985
University of Southern California Baseball Players,120,Jeff Wetherby,1985
University of Southern California Baseball Players,120,Bret Barberie (Cerritos),1988
University of Southern California Baseball Players,120,Brad Brink,1986
University of Southern California Baseball Players,120,Bret Boone,1990
University of Southern California Baseball Players,120,John Cummings,1990
University of Southern California Baseball Players,120,Damon Buford,1990
University of Southern California Baseball Players,120,Jeff Cirillo,1991
University of Southern California Baseball Players,120,Mark Smith,1991
University of Southern California Baseball Players,120,Mike Robertson,1991
University of Southern California Baseball Players,120,Aaron Boone,1994
University of Southern California Baseball Players,120,Bobby Hughes,1992
University of Southern California Baseball Players,120,Geoff Jenkins,1995
University of Southern California Baseball Players,120,Gabe Alvarez,1995
University of Southern California Baseball Players,120,Jacque Jones,1996
University of Southern California Baseball Players,120,Brian Cooper,1995
University of Southern California Baseball Players,120,Seth Etherton,1998
University of Southern California Baseball Players,120,Chad Moeller,1996
University of Southern California Baseball Players,120,Eric Munson,1999
University of Southern California Baseball Players,120,Barry Zito (UCSB & Pierce),1999
University of Southern California Baseball Players,120,Morgan Ensberg,1998
University of Southern California Baseball Players,120,Randy Flores,1997
University of Southern California Baseball Players,120,Jason Lane (SRJC),1999
University of Southern California Baseball Players,120,Mark Prior,2001
University of Southern California Baseball Players,120,Steve Smyth (Cypress),1999
University of Southern California Baseball Players,120,Justin Lehr (UCSB),1999
University of Southern California Baseball Players,120,J.P. Howell (Texas),2002
University of Southern California Baseball Players,120,Ron Flores,2000
University of Southern California Baseball Players,120,Anthony Reyes,2003
University of Southern California Baseball Players,120,Brian Bannister,2003
University of Southern California Baseball Players,120,Matt Chico,2002
University of Southern California Baseball Players,120,Ian Kennedy,2006
University of Southern California Baseball Players,120,Jeff Clement,2005
University of Southern California Baseball Players,120,Lucas Duda,2007
University of Southern California Baseball Players,120,Ryan Cook,2008
University of Southern California Baseball Players,120,Anthony Vasquez (Texas A&M),2009
University of Southern California Baseball Players,120,Tom Milone,2008
University of Southern California Baseball Players,120,Brad Boxberger,2009
University of Southern California Baseball Players,120,Grant Green,2009
University of Southern California Baseball Players,120,Nick Buss,2008
University of Southern California Baseball Players,120,Chad Smith,2011
University of Southern California Baseball Players,120,Andrew Triggs,2012
University of Southern California Baseball Players,120,Robert Stock,2009
University of Southern California Baseball Players,120,Stephen Tarpley,2012
University of Southern California Baseball Players,120,Garrett Stubbs,2015
University of Southern California Baseball Players,120,Brooks Kriske,2016
University of Southern California Baseball Players,120,Bernardo Flores Jr.,2016
University of Southern California Baseball Players,120,Lars Nootbaar,2018
University of Southern California Baseball Players,120,Tyler Gilbert,2015
University of Southern California Baseball Players,120,Blake Sabol,2019
University of Southern California Baseball Players,120,Kyle Hurt,2020
University of Southern California Baseball Players,120,Rhylan Thomas,2022
University of Southern California Baseball Players,120,MLB Player Name,ayed
University of Texas at Austin Baseball Players,120,MLB Player Name,ayed
University of Texas at Austin Baseball Players,120,Walter Morris,1900
University of Texas at Austin Baseball Players,120,Bob Cone,1915
University of Texas at Austin Baseball Players,120,Mike Massey,1914
University of Texas at Austin Baseball Players,120,Bibb Falk,1920
University of Texas at Austin Baseball Players,120,Howie Fitzgerald,1920
University of Texas at Austin Baseball Players,120,Chet Falk,1924
University of Texas at Austin Baseball Players,120,Heinie Odom,1924
University of Texas at Austin Baseball Players,120,Hod Kibbie (Louisville),1925
University of Texas at Austin Baseball Players,120,Les Cox,1925
University of Texas at Austin Baseball Players,120,Neal Baker,1927
University of Texas at Austin Baseball Players,120,Howie Williamson,1926
University of Texas at Austin Baseball Players,120,Pinky Higgins,1930
University of Texas at Austin Baseball Players,120,Tom Hughes,1929
University of Texas at Austin Baseball Players,120,Ox Eckhardt,1924
University of Texas at Austin Baseball Players,120,Marty Hopkins,1929
University of Texas at Austin Baseball Players,120,Pat Ankenman,1934
University of Texas at Austin Baseball Players,120,Ernie Koy (Blinn),1933
University of Texas at Austin Baseball Players,120,Dick Midkiff,1936
University of Texas at Austin Baseball Players,120,Mel Preibisch,1936
University of Texas at Austin Baseball Players,120,Tex Hughson,1937
University of Texas at Austin Baseball Players,120,Norm Branch,1936
University of Texas at Austin Baseball Players,120,Jack Conway,1939
University of Texas at Austin Baseball Players,120,Grady Hatton,1943
University of Texas at Austin Baseball Players,120,Mel Deutsch,1941
University of Texas at Austin Baseball Players,120,Pete Laydon,1941
University of Texas at Austin Baseball Players,120,Randy Jackson (TCU),1947
University of Texas at Austin Baseball Players,120,Murray Wall,1950
University of Texas at Austin Baseball Players,120,Kal Segrist,1950
University of Texas at Austin Baseball Players,120,Tom Hamilton,1949
University of Texas at Austin Baseball Players,120,Charlie Gorin,1950
University of Texas at Austin Baseball Players,120,Mack Burk,1955
University of Texas at Austin Baseball Players,120,Harry Taylor,1957
University of Texas at Austin Baseball Players,120,Howie Reed,1957
University of Texas at Austin Baseball Players,120,Max Alvis,1958
University of Texas at Austin Baseball Players,120,Wayne Graham,1956
University of Texas at Austin Baseball Players,120,Bill Bethea,1963
University of Texas at Austin Baseball Players,120,Bart Shirley,1960
University of Texas at Austin Baseball Players,120,Chuck Hartenstein,1964
University of Texas at Austin Baseball Players,120,Joe Hague,1965
University of Texas at Austin Baseball Players,120,Gary Moore,1966
University of Texas at Austin Baseball Players,120,MLB Player Name,ayed
University of Texas at Austin Baseball Players,120,MLB Player Name,ayed
University of Texas at Austin Baseball Players,120,Burt Hooton,1971
University of Texas at Austin Baseball Players,120,Dave Chalk,1972
University of Texas at Austin Baseball Players,120,Larry Hardy,1970
University of Texas at Austin Baseball Players,120,Mike Beard,1971
University of Texas at Austin Baseball Players,120,Jim Gideon,1975
University of Texas at Austin Baseball Players,120,Ken Pape,1973
University of Texas at Austin Baseball Players,120,Bobby Cuellar,1974
University of Texas at Austin Baseball Players,120,Rich Wortham,1976
University of Texas at Austin Baseball Players,120,Karl Pagel,1976
University of Texas at Austin Baseball Players,120,Keith Moreland,1975
University of Texas at Austin Baseball Players,120,Tony Brizzolara,1977
University of Texas at Austin Baseball Players,120,Jerry Don Gleaton,1979
University of Texas at Austin Baseball Players,120,Bob Kearney (Blinn),1977
University of Texas at Austin Baseball Players,120,Don Kainer,1977
University of Texas at Austin Baseball Players,120,Ron Gardenhire,1979
University of Texas at Austin Baseball Players,120,Andre Robertson,1979
University of Texas at Austin Baseball Players,120,Keith Creel,1980
University of Texas at Austin Baseball Players,120,Ricky Wright,1979
University of Texas at Austin Baseball Players,120,Jim Acker,1980
University of Texas at Austin Baseball Players,120,Spike Owen,1982
University of Texas at Austin Baseball Players,120,Roger Clemens,1983
University of Texas at Austin Baseball Players,120,Calvin Schiraldi,1983
University of Texas at Austin Baseball Players,120,Jeff Hearron,1983
University of Texas at Austin Baseball Players,120,Bruce Ruffin,1985
University of Texas at Austin Baseball Players,120,Tony Arnold,1981
University of Texas at Austin Baseball Players,120,Greg Swindell,1986
University of Texas at Austin Baseball Players,120,Mike Brumley,1983
University of Texas at Austin Baseball Players,120,Mike Capel,1983
University of Texas at Austin Baseball Players,120,Dennis Cook,1985
University of Texas at Austin Baseball Players,120,Billy Bates,1985
University of Texas at Austin Baseball Players,120,Scott Coolbaugh,1987
University of Texas at Austin Baseball Players,120,Rusty Richards,1986
University of Texas at Austin Baseball Players,120,Rick Parker,1985
University of Texas at Austin Baseball Players,120,Kirk Dressendorfer,1990
University of Texas at Austin Baseball Players,120,Mark Petkovsek,1987
University of Texas at Austin Baseball Players,120,Jose Tolentino (Seminole),1983
University of Texas at Austin Baseball Players,120,Shane Reynolds (Faulkner),1989
University of Texas at Austin Baseball Players,120,Todd Haney,1987
University of Texas at Austin Baseball Players,120,Scott Fredrickson,1990
University of Texas at Austin Baseball Players,120,Brooks Kieschnick,1993
University of Texas at Austin Baseball Players,120,Tim Belk (Lubbock Christian),1991
University of Texas at Austin Baseball Players,120,Shane Halter (Seminole),1991
University of Texas at Austin Baseball Players,120,Steve Larkin,1994
University of Texas at Austin Baseball Players,120,J.D. Smart,1995
University of Texas at Austin Baseball Players,120,Calvin Murray,1992
University of Texas at Austin Baseball Players,120,Jose Flores,1994
University of Texas at Austin Baseball Players,120,Stephen Randolph (GC),1994
University of Texas at Austin Baseball Players,120,Phil Seibel,2000
University of Texas at Austin Baseball Players,120,Brad Halsey (Hill),2002
University of Texas at Austin Baseball Players,120,Scott Dunn,1998
University of Texas at Austin Baseball Players,120,Huston Street,2004
University of Texas at Austin Baseball Players,120,J.P. Howell (USC),2004
University of Texas at Austin Baseball Players,120,Omar Quintanilla,2003
University of Texas at Austin Baseball Players,120,Brandon Fahey (Grayson),2002
University of Texas at Austin Baseball Players,120,Curtis Thigpen,2004
University of Texas at Austin Baseball Players,120,Taylor Teagarden,2005
University of Texas at Austin Baseball Players,120,Geno Espineli (TCU),2003
University of Texas at Austin Baseball Players,120,Drew Stubbs,2006
University of Texas at Austin Baseball Players,120,James Russell (Navarro),2007
University of Texas at Austin Baseball Players,120,Sam LeCure,2004
University of Texas at Austin Baseball Players,120,Brandon Belt,2009
University of Texas at Austin Baseball Players,120,Chance Ruffin,2010
University of Texas at Austin Baseball Players,120,Jordan Danks,2008
University of Texas at Austin Baseball Players,120,Brandon Workman,2010
University of Texas at Austin Baseball Players,120,Cameron Rupp,2010
University of Texas at Austin Baseball Players,120,Corey Knebel,2013
University of Texas at Austin Baseball Players,120,Andrew McKirahan,2011
University of Texas at Austin Baseball Players,120,Taylor Jungmann,2011
University of Texas at Austin Baseball Players,120,Hoby Milner,2012
University of Texas at Austin Baseball Players,120,John Curtiss,2014
University of Texas at Austin Baseball Players,120,Tres Barrera,2016
University of Texas at Austin Baseball Players,120,Mark Payton,2014
University of Texas at Austin Baseball Players,120,Bryce Elder,2020
University of Texas at Austin Baseball Players,120,Kody Clemens,2018
University of Texas at Austin Baseball Players,120,David Hamilton,2019
University of Texas at Austin Baseball Players,120,Blair Henley,2019
University of Texas at Austin Baseball Players,120,Duke Ellis (Panola),2020
University of Texas at Austin Baseball Players,120,Chase Shugart,2018
University of Texas at Austin Baseball Players,120,Jack Neely (OSU),2019
University of Texas at Austin Baseball Players,120,Ty Madden,2021
University of Texas at Austin Baseball Players,120,MLB Player Name,ayed
Arizona State University Baseball Players,119,MLB Player Name,ayed
Arizona State University Baseball Players,119,Pete Lovrich,1962
Arizona State University Baseball Players,119,Sterling Slaughter,1963
Arizona State University Baseball Players,119,Sal Bando,1965
Arizona State University Baseball Players,119,Rick Monday,1965
Arizona State University Baseball Players,119,Reggie Jackson,1966
Arizona State University Baseball Players,119,Al Schmelz,1965
Arizona State University Baseball Players,119,Randy Bobb,1967
Arizona State University Baseball Players,119,Duffy Dyer,1966
Arizona State University Baseball Players,119,Gary Gentry,1967
Arizona State University Baseball Players,119,Scott Reid (Cerritos),1967
Arizona State University Baseball Players,119,Larry Gura,1969
Arizona State University Baseball Players,119,Lerrin LaGrow,1969
Arizona State University Baseball Players,119,Paul Powell,1969
Arizona State University Baseball Players,119,Len Randle,1970
Arizona State University Baseball Players,119,Jim Crawford,1972
Arizona State University Baseball Players,119,Eddie Bane,1973
Arizona State University Baseball Players,119,Craig Swan,1972
Arizona State University Baseball Players,119,Alan Bannister,1972
Arizona State University Baseball Players,119,Jim Otten,1973
Arizona State University Baseball Players,119,Jack Lind,1967
Arizona State University Baseball Players,119,Jim Umbarger,1974
Arizona State University Baseball Players,119,Larry Fritz,1969
Arizona State University Baseball Players,119,Bump Wills,1974
Arizona State University Baseball Players,119,Floyd Bannister,1976
Arizona State University Baseball Players,119,Paul Moskau (Azusa),1973
Arizona State University Baseball Players,119,Ken Landreaux,1976
Arizona State University Baseball Players,119,John Poloni,1975
Arizona State University Baseball Players,119,Jerry Maddox (Cerritos),1975
Arizona State University Baseball Players,119,Darrell Jackson,1977
Arizona State University Baseball Players,119,Bob Horner,1978
Arizona State University Baseball Players,119,Mike Colbern,1976
Arizona State University Baseball Players,119,Jim Lentine (La Verne),1974
Arizona State University Baseball Players,119,Gary Allenson,1976
Arizona State University Baseball Players,119,Rick Peters,1977
Arizona State University Baseball Players,119,Bob Pate,1977
Arizona State University Baseball Players,119,John Littlefield (Azusa),1974
Arizona State University Baseball Players,119,Hubie Brooks (Whittier),1978
Arizona State University Baseball Players,119,Ken Phelps,1976
Arizona State University Baseball Players,119,Chris Bando,1978
Arizona State University Baseball Players,119,Ed Vande Berg,1980
Arizona State University Baseball Players,119,Gary Rajsich,1976
Arizona State University Baseball Players,119,Chris Nyman,1977
Arizona State University Baseball Players,119,Marty Barrett,1979
Arizona State University Baseball Players,119,Jamie Allen,1979
Arizona State University Baseball Players,119,Ricky Nelson,1981
Arizona State University Baseball Players,119,Donnie Hill (Orange Coast),1981
Arizona State University Baseball Players,119,Dave Hudgens,1978
Arizona State University Baseball Players,119,Ron Romanick,1980
Arizona State University Baseball Players,119,Alvin Davis,1982
Arizona State University Baseball Players,119,Lemmie Miller,1981
Arizona State University Baseball Players,119,Doug Baker,1982
Arizona State University Baseball Players,119,Oddibe McDowell (MDCC),1984
Arizona State University Baseball Players,119,Kevin Romine (Orange Coast),1982
Arizona State University Baseball Players,119,Barry Bonds,1985
Arizona State University Baseball Players,119,Mike Devereaux,1985
Arizona State University Baseball Players,119,Luis Medina (Cerritos),1984
Arizona State University Baseball Players,119,Mike Schwabe,1987
Arizona State University Baseball Players,119,Mike Benjamin (Cerritos),1987
Arizona State University Baseball Players,119,Don Wakamatsu,1985
Arizona State University Baseball Players,119,Doug Henry,1985
Arizona State University Baseball Players,119,Tim Spehr (MCC),1988
Arizona State University Baseball Players,119,Chris Beasley (Orange Coast),1984
Arizona State University Baseball Players,119,Pat Listach (MCC),1988
Arizona State University Baseball Players,119,Blas Minor,1988
Arizona State University Baseball Players,119,Fernando Vina (Cosumnes River),1990
Arizona State University Baseball Players,119,Kevin Higgins,1989
Arizona State University Baseball Players,119,Eric Helfand (Nebraska),1990
Arizona State University Baseball Players,119,Mike Kelly,1991
Arizona State University Baseball Players,119,Todd Steverson,1992
Arizona State University Baseball Players,119,Jacob Cruz,1994
Arizona State University Baseball Players,119,Antone Williamson,1994
Arizona State University Baseball Players,119,Shawn Gilbert (Golden West & Fresno),1984
Arizona State University Baseball Players,119,Sean Lowe (MCC),1992
Arizona State University Baseball Players,119,Paul Lo Duca,1993
Arizona State University Baseball Players,119,Ryan Bradley,1997
Arizona State University Baseball Players,119,Gabe Molina,1996
Arizona State University Baseball Players,119,Willie Bloomquist,1999
Arizona State University Baseball Players,119,Cody McKay,1996
Arizona State University Baseball Players,119,Jeff Duncan (Iowa State),2000
Arizona State University Baseball Players,119,Jon Switzer,2001
Arizona State University Baseball Players,119,Chris Duffy,2001
Arizona State University Baseball Players,119,Mike Esposito,2002
Arizona State University Baseball Players,119,Ian Kinsler (Missouri),2002
Arizona State University Baseball Players,119,Andre Ethier,2003
Arizona State University Baseball Players,119,Dustin Pedroia,2004
Arizona State University Baseball Players,119,Dennis Sarfate (Chandler-Gilbert),2002
Arizona State University Baseball Players,119,Mel Stocker,2001
Arizona State University Baseball Players,119,Travis Buck,2005
Arizona State University Baseball Players,119,Jeff Larish,2005
Arizona State University Baseball Players,119,Brooks Conrad,2001
Arizona State University Baseball Players,119,Mitch Jones (UVU),2000
Arizona State University Baseball Players,119,Mike Leake,2009
Arizona State University Baseball Players,119,Ike Davis,2008
Arizona State University Baseball Players,119,Colin Curtis,2006
Arizona State University Baseball Players,119,Brett Wallace,2008
Arizona State University Baseball Players,119,Eric Sogard,2007
Arizona State University Baseball Players,119,Andrew Romine,2007
Arizona State University Baseball Players,119,Josh Spence,2009
Arizona State University Baseball Players,119,Jason Kipnis (Kentucky),2009
Arizona State University Baseball Players,119,Kole Calhoun,2010
Arizona State University Baseball Players,119,Jake Elmore,2008
Arizona State University Baseball Players,119,Tuffy Gosewisch,2005
Arizona State University Baseball Players,119,Austin Barnes,2011
Arizona State University Baseball Players,119,Deven Marrero,2012
Arizona State University Baseball Players,119,Jake Barrett,2012
Arizona State University Baseball Players,119,Tony Barnette,2006
Arizona State University Baseball Players,119,Brady Rodgers,2012
Arizona State University Baseball Players,119,Trevor Williams,2013
Arizona State University Baseball Players,119,Adam McCreery (Azusa),2013
Arizona State University Baseball Players,119,Ryan Burr,2015
Arizona State University Baseball Players,119,Merrill Kelly,2010
Arizona State University Baseball Players,119,Seth Martinez,2016
Arizona State University Baseball Players,119,Spencer Torkelson,2020
Arizona State University Baseball Players,119,Brian Serven,2016
Arizona State University Baseball Players,119,Drew Maggi,2010
Arizona State University Baseball Players,119,Alec Marsh,2019
Arizona State University Baseball Players,119,Alika Williams,2020
Arizona State University Baseball Players,119,Gage Workman,2020
Arizona State University Baseball Players,119,Luke Keaschall (USF),2022
Arizona State University Baseball Players,119,MLB Player Name,ayed
Stanford University Baseball Players,107,MLB Player Name,ayed
Stanford University Baseball Players,107,Charlie Swindells,1899
Stanford University Baseball Players,107,Bill McGilvray,1902
Stanford University Baseball Players,107,Zeb Terry,1914
Stanford University Baseball Players,107,Johnny Couch,1912
Stanford University Baseball Players,107,Ernie Nevers,1925
Stanford University Baseball Players,107,Bert Delmas,1933
Stanford University Baseball Players,107,Bobby Brown (UCLA & Tulane),1943
Stanford University Baseball Players,107,Lloyd Merriman,1943
Stanford University Baseball Players,107,Jack Shepard,1953
Stanford University Baseball Players,107,Dave Melton,1950
Stanford University Baseball Players,107,Chuck Essegian,1953
Stanford University Baseball Players,107,Doug Camilli,1956
Stanford University Baseball Players,107,Bill Wakefield,1960
Stanford University Baseball Players,107,Darrell Sutherland,1963
Stanford University Baseball Players,107,Jim Lonborg,1963
Stanford University Baseball Players,107,Jim Hibbs,1966
Stanford University Baseball Players,107,Steve Hovley,1966
Stanford University Baseball Players,107,Sandy Vance,1968
Stanford University Baseball Players,107,Harvey Shank,1968
Stanford University Baseball Players,107,Steve Dunning,1970
Stanford University Baseball Players,107,Pete Hamm,1967
Stanford University Baseball Players,107,Frank Duffy,1967
Stanford University Baseball Players,107,Don Rose,1968
Stanford University Baseball Players,107,Bob Gallagher,1968
Stanford University Baseball Players,107,Bob Boone,1969
Stanford University Baseball Players,107,Dave Frost (LBCC),1974
Stanford University Baseball Players,107,Bob Reece,1973
Stanford University Baseball Players,107,Bob Kammeyer,1972
Stanford University Baseball Players,107,Bruce Robinson,1975
Stanford University Baseball Players,107,Steve Davis,1976
Stanford University Baseball Players,107,Paul Zuvella,1980
Stanford University Baseball Players,107,Dave Meier (Fresno City),1981
Stanford University Baseball Players,107,Steve Buechele,1982
Stanford University Baseball Players,107,Mike Aldrete,1983
Stanford University Baseball Players,107,Jeff Ballard,1985
Stanford University Baseball Players,107,Pete Stanicek,1985
Stanford University Baseball Players,107,Jack McDowell,1987
Stanford University Baseball Players,107,Al Osuna (Cerritos),1987
Stanford University Baseball Players,107,Steve Chitren,1989
Stanford University Baseball Players,107,Ed Sprague,1988
Stanford University Baseball Players,107,Ruben Amaro,1987
Stanford University Baseball Players,107,Mark Davis,1986
Stanford University Baseball Players,107,Mike Mussina,1990
Stanford University Baseball Players,107,Ron Witmeyer,1988
Stanford University Baseball Players,107,John Ramos,1986
Stanford University Baseball Players,107,David McCarty,1991
Stanford University Baseball Players,107,Paul Carey,1990
Stanford University Baseball Players,107,Jeffrey Hammonds,1992
Stanford University Baseball Players,107,Brian Johnson,1989
Stanford University Baseball Players,107,Rick Helling,1992
Stanford University Baseball Players,107,Andrew Lorraine,1993
Stanford University Baseball Players,107,Brian Keyser,1989
Stanford University Baseball Players,107,Brian Sackinsky,1992
Stanford University Baseball Players,107,Willie Adams,1993
Stanford University Baseball Players,107,Jed Hansen,1994
Stanford University Baseball Players,107,A.J. Hinch,1996
Stanford University Baseball Players,107,Stan Spencer,1990
Stanford University Baseball Players,107,Kyle Peterson,1997
Stanford University Baseball Players,107,Dusty Allen,1995
Stanford University Baseball Players,107,Tony Cogan,1999
Stanford University Baseball Players,107,Chad Hutchinson,1998
Stanford University Baseball Players,107,Jeff Austin,1998
Stanford University Baseball Players,107,Jason Middlebrook,1995
Stanford University Baseball Players,107,Joe Borchard,2000
Stanford University Baseball Players,107,Justin Wayne,2000
Stanford University Baseball Players,107,Jody Gerut,1998
Stanford University Baseball Players,107,Jason Young,2000
Stanford University Baseball Players,107,Eric Bruntlett,2000
Stanford University Baseball Players,107,Brian Dallimore,1996
Stanford University Baseball Players,107,Jeremy Guthrie (BYU),2002
Stanford University Baseball Players,107,Mike Gosling,2001
Stanford University Baseball Players,107,John Gall,2000
Stanford University Baseball Players,107,Ryan Garko,2003
Stanford University Baseball Players,107,Carlos Quentin,2003
Stanford University Baseball Players,107,Danny Putnam,2004
Stanford University Baseball Players,107,Sam Fuld,2004
Stanford University Baseball Players,107,Donny Lucy,2004
Stanford University Baseball Players,107,Jed Lowrie,2005
Stanford University Baseball Players,107,Greg Reynolds,2006
Stanford University Baseball Players,107,Chris Carter,2004
Stanford University Baseball Players,107,John Mayberry,2005
Stanford University Baseball Players,107,John Hester,2006
Stanford University Baseball Players,107,Drew Storen,2009
Stanford University Baseball Players,107,Jason Castro,2008
Stanford University Baseball Players,107,Cord Phelps,2007
Stanford University Baseball Players,107,Michael Taylor,2007
Stanford University Baseball Players,107,Erik Davis,2008
Stanford University Baseball Players,107,Scott Snodgress,2011
Stanford University Baseball Players,107,Stephen Piscotty,2012
Stanford University Baseball Players,107,Chris Reed,2010
Stanford University Baseball Players,107,Colin Walsh,2010
Stanford University Baseball Players,107,Austin Slater,2014
Stanford University Baseball Players,107,Alex Blandino,2014
Stanford University Baseball Players,107,Jeremy Bleich,2008
Stanford University Baseball Players,107,Drew Jackson,2015
Stanford University Baseball Players,107,Cal Quantrill,2015
Stanford University Baseball Players,107,Tommy Edman,2016
Stanford University Baseball Players,107,Nico Hoerner,2018
Stanford University Baseball Players,107,Kris Bubic,2018
Stanford University Baseball Players,107,Kyle Stowers,2019
Stanford University Baseball Players,107,Mark Appel,2013
Stanford University Baseball Players,107,Tristan Beck,2018
Stanford University Baseball Players,107,Erik Miller,2019
Stanford University Baseball Players,107,Tim Tawa,2021
Stanford University Baseball Players,107,Maverick Handley,2019
Stanford University Baseball Players,107,Jack Little,2019
Stanford University Baseball Players,107,Jake Palisch (Texas A&M),2021
Stanford University Baseball Players,107,MLB Player Name,ayed
University of Arizona Baseball Players,97,MLB Player Name,ayed
University of Arizona Baseball Players,97,Lum Davenport,1920
University of Arizona Baseball Players,97,Hank Leiber,1931
University of Arizona Baseball Players,97,Jack Redmond,1934
University of Arizona Baseball Players,97,Hal Warnock,1935
University of Arizona Baseball Players,97,Walt Kellner,1949
University of Arizona Baseball Players,97,Don Lee,1956
University of Arizona Baseball Players,97,Gene Leek,1958
University of Arizona Baseball Players,97,Don Gile,1955
University of Arizona Baseball Players,97,Carl Thomas,1956
University of Arizona Baseball Players,97,Charlie Shoemaker,1961
University of Arizona Baseball Players,97,Dan Schneider,1962
University of Arizona Baseball Players,97,Dave Baldwin,1959
University of Arizona Baseball Players,97,Mike Paul (Cerritos),1966
University of Arizona Baseball Players,97,Eddie Leon,1967
University of Arizona Baseball Players,97,Steve Barber,1967
University of Arizona Baseball Players,97,Bart Zeller,1960
University of Arizona Baseball Players,97,Bob O'Brien (Fresno City),1968
University of Arizona Baseball Players,97,Ron Theobald,1963
University of Arizona Baseball Players,97,Rich Hinton,1969
University of Arizona Baseball Players,97,Tim Plodinec,1968
University of Arizona Baseball Players,97,Leon Hooten (LBCC),1971
University of Arizona Baseball Players,97,Dan Meyer,1971
University of Arizona Baseball Players,97,Ron Hassey,1976
University of Arizona Baseball Players,97,Dave Rajsich,1973
University of Arizona Baseball Players,97,Dave Stegman,1976
University of Arizona Baseball Players,97,Craig Chamberlain (LBCC),1978
University of Arizona Baseball Players,97,Brad Mills,1979
University of Arizona Baseball Players,97,Terry Francona,1980
University of Arizona Baseball Players,97,John Moses (Golden West),1980
University of Arizona Baseball Players,97,Craig Lefferts,1980
University of Arizona Baseball Players,97,Greg Bargar,1980
University of Arizona Baseball Players,97,Jim Scranton,1979
University of Arizona Baseball Players,97,Jack Howell,1983
University of Arizona Baseball Players,97,Dwight Taylor,1981
University of Arizona Baseball Players,97,Casey Candaele,1982
University of Arizona Baseball Players,97,Ed Vosberg,1982
University of Arizona Baseball Players,97,Joe Magrane,1985
University of Arizona Baseball Players,97,Tommy Hinzo,1986
University of Arizona Baseball Players,97,Jack Daugherty,1982
University of Arizona Baseball Players,97,Tom Barrett,1982
University of Arizona Baseball Players,97,Kevin Blankenship,1984
University of Arizona Baseball Players,97,Chip Hale,1987
University of Arizona Baseball Players,97,Dave Rohde,1986
University of Arizona Baseball Players,97,Scott Erickson,1989
University of Arizona Baseball Players,97,Lance Dickson,1989
University of Arizona Baseball Players,97,Kevin Ward,1983
University of Arizona Baseball Players,97,Gil Heredia,1987
University of Arizona Baseball Players,97,Kenny Lofton,1988
University of Arizona Baseball Players,97,J.T. Snow,1989
University of Arizona Baseball Players,97,Trevor Hoffman (Cypress),1989
University of Arizona Baseball Players,97,Jason Bates (Cypress),1992
University of Arizona Baseball Players,97,George Arias,1993
University of Arizona Baseball Players,97,Damon Mashore,1991
University of Arizona Baseball Players,97,Jason Thompson,1990
University of Arizona Baseball Players,97,Josh Pearce (PSU),1999
University of Arizona Baseball Players,97,Alan Zinter,1989
University of Arizona Baseball Players,97,Ben Diggins,2000
University of Arizona Baseball Players,97,Colin Porter,1998
University of Arizona Baseball Players,97,Brian Anderson,2003
University of Arizona Baseball Players,97,Shelley Duncan,2001
University of Arizona Baseball Players,97,Jonathan Meloan,2005
University of Arizona Baseball Players,97,Mark Worrell (F.I.U.),2003
University of Arizona Baseball Players,97,Nick Hundley,2005
University of Arizona Baseball Players,97,Ryan Perry,2008
University of Arizona Baseball Players,97,Trevor Crowe,2005
University of Arizona Baseball Players,97,Mark Melancon,2006
University of Arizona Baseball Players,97,Daniel Schlereth,2008
University of Arizona Baseball Players,97,Brad Mills (Sequoias),2007
University of Arizona Baseball Players,97,"Konrad Schmidt (Nevada, Reno)",2006
University of Arizona Baseball Players,97,Cory Burns,2009
University of Arizona Baseball Players,97,Preston Guilmet,2009
University of Arizona Baseball Players,97,Donn Roach (Southern Nevada),2009
University of Arizona Baseball Players,97,Brad Glenn,2009
University of Arizona Baseball Players,97,Dan Butler,2009
University of Arizona Baseball Players,97,Rob Refsnyder,2012
University of Arizona Baseball Players,97,Jett Bandy,2011
University of Arizona Baseball Players,97,Joey Rickard,2012
University of Arizona Baseball Players,97,Steve Selsky,2011
University of Arizona Baseball Players,97,Alex Mejia,2012
University of Arizona Baseball Players,97,Scott Kingery,2015
University of Arizona Baseball Players,97,Johnny Field,2013
University of Arizona Baseball Players,97,Brandon Dixon,2013
University of Arizona Baseball Players,97,Kevin Newman,2015
University of Arizona Baseball Players,97,Kevin Ginkel,2016
University of Arizona Baseball Players,97,Seth Mejias-Brean,2012
University of Arizona Baseball Players,97,Bobby Dalbec,2016
University of Arizona Baseball Players,97,Jared Oliva,2017
University of Arizona Baseball Players,97,Tylor Megill (LMU & Cypress),2018
University of Arizona Baseball Players,97,Konner Wade,2013
University of Arizona Baseball Players,97,Alfonso Rivas,2018
University of Arizona Baseball Players,97,J.J. Matijevic,2017
University of Arizona Baseball Players,97,Chase Silseth (CSN & TN),2021
University of Arizona Baseball Players,97,Andrew Nardi (Ventura & Moorpark),2019
University of Arizona Baseball Players,97,Ryan Aguilar,2016
University of Arizona Baseball Players,97,Cesar Salazar,2018
University of Arizona Baseball Players,97,Jesse Scholtens (WSU),2016
University of Arizona Baseball Players,97,Austin Wells,2020
University of Arizona Baseball Players,97,MLB Player Name,ayed
Louisiana State University Baseball Players,96,MLB Player Name,ayed
Louisiana State University Baseball Players,96,Roland Howell,1912
Louisiana State University Baseball Players,96,John Mercer,1912
Louisiana State University Baseball Players,96,Orie Kerlin,1915
Louisiana State University Baseball Players,96,Jack Wallace,1915
Louisiana State University Baseball Players,96,Al Baird,1916
Louisiana State University Baseball Players,96,Sid Womack (MSU),1917
Louisiana State University Baseball Players,96,Bama Rowell,1937
Louisiana State University Baseball Players,96,Al Flair,1938
Louisiana State University Baseball Players,96,Buddy Blair,1936
Louisiana State University Baseball Players,96,Connie Ryan,1939
Louisiana State University Baseball Players,96,Alvin Dark (SLI),1943
Louisiana State University Baseball Players,96,Walker Cress,1939
Louisiana State University Baseball Players,96,Joe Adcock,1947
Louisiana State University Baseball Players,96,Dave Madison,1943
Louisiana State University Baseball Players,96,Red Swanson,1954
Louisiana State University Baseball Players,96,Mark Freeman,1951
Louisiana State University Baseball Players,96,Joe Moock,1965
Louisiana State University Baseball Players,96,Mike Miley,1974
Louisiana State University Baseball Players,96,Randy Wiles,1973
Louisiana State University Baseball Players,96,Clay Parker,1985
Louisiana State University Baseball Players,96,Eric Hetzel,1985
Louisiana State University Baseball Players,96,Albert Belle,1987
Louisiana State University Baseball Players,96,Mark Guthrie,1987
Louisiana State University Baseball Players,96,Ben McDonald,1989
Louisiana State University Baseball Players,96,Barry Manuel,1987
Louisiana State University Baseball Players,96,Russ Springer,1989
Louisiana State University Baseball Players,96,Jeff Reboulet,1986
Louisiana State University Baseball Players,96,Jack Voigt,1987
Louisiana State University Baseball Players,96,John O'Donoghue,1990
Louisiana State University Baseball Players,96,Curtis Leskanic,1989
Louisiana State University Baseball Players,96,Chad Ogea,1991
Louisiana State University Baseball Players,96,Jim Bowie,1986
Louisiana State University Baseball Players,96,Lyle Mouton,1991
Louisiana State University Baseball Players,96,Mike Sirotka,1993
Louisiana State University Baseball Players,96,Paul Byrd,1991
Louisiana State University Baseball Players,96,Keith Osik,1990
Louisiana State University Baseball Players,96,Andy Sheets (Tulane),1992
Louisiana State University Baseball Players,96,Todd Walker,1994
Louisiana State University Baseball Players,96,Russ Johnson,1994
Louisiana State University Baseball Players,96,Armando Rios (UNC Charlotte),1993
Louisiana State University Baseball Players,96,Warren Morris,1996
Louisiana State University Baseball Players,96,Rick Greene,1992
Louisiana State University Baseball Players,96,Brett Laxton,1996
Louisiana State University Baseball Players,96,Ed Yarnall,1996
Louisiana State University Baseball Players,96,Randy Keisler (Navarro),1998
Louisiana State University Baseball Players,96,Brandon Larson (Blinn),1997
Louisiana State University Baseball Players,96,Kurt Ainsworth,1999
Louisiana State University Baseball Players,96,Trey Hodges (Blinn),2000
Louisiana State University Baseball Players,96,Brian Tallet (Hill),2000
Louisiana State University Baseball Players,96,Roy Corcoran,2001
Louisiana State University Baseball Players,96,Todd Linden,2001
Louisiana State University Baseball Players,96,Brad Hawpe (Navarro),2000
Louisiana State University Baseball Players,96,Mike Fontenot,2001
Louisiana State University Baseball Players,96,Aaron Hill,2003
Louisiana State University Baseball Players,96,Jason Vargas (Cypress & LBSU),2003
Louisiana State University Baseball Players,96,Ryan Jorgensen,2000
Louisiana State University Baseball Players,96,Ryan Theriot,2000
Louisiana State University Baseball Players,96,Brian Wilson,2003
Louisiana State University Baseball Players,96,Shane Youman,2001
Louisiana State University Baseball Players,96,Billy Sadler,2003
Louisiana State University Baseball Players,96,Sean Barker (Bakersfield),2002
Louisiana State University Baseball Players,96,Greg Smith,2005
Louisiana State University Baseball Players,96,Nick Stavinoha,2005
Louisiana State University Baseball Players,96,Louis Coleman,2009
Louisiana State University Baseball Players,96,DJ LeMahieu,2009
Louisiana State University Baseball Players,96,Charlie Furbush,2007
Louisiana State University Baseball Players,96,Ryan Verdugo,2008
Louisiana State University Baseball Players,96,Will Harris,2006
Louisiana State University Baseball Players,96,Kevin Gausman,2012
Louisiana State University Baseball Players,96,Anthony Ranaudo,2010
Louisiana State University Baseball Players,96,Matt Clark,2008
Louisiana State University Baseball Players,96,Mikie Mahtook,2011
Louisiana State University Baseball Players,96,Nick Rumbelow,2013
Louisiana State University Baseball Players,96,Aaron Nola,2014
Louisiana State University Baseball Players,96,Nick Goody,2012
Louisiana State University Baseball Players,96,Ryan Schimpf,2009
Louisiana State University Baseball Players,96,Alex Bregman,2015
Louisiana State University Baseball Players,96,JaCoby Jones,2013
Louisiana State University Baseball Players,96,Andrew Stevenson,2015
Louisiana State University Baseball Players,96,Ryan Eades,2013
Louisiana State University Baseball Players,96,Austin Nola,2012
Louisiana State University Baseball Players,96,Jake Fraley,2016
Louisiana State University Baseball Players,96,Riley Smith,2016
Louisiana State University Baseball Players,96,Alex Lange,2017
Louisiana State University Baseball Players,96,Jake Latz,2016
Louisiana State University Baseball Players,96,Greg Deichmann,2017
Louisiana State University Baseball Players,96,Kramer Robertson,2017
Louisiana State University Baseball Players,96,Michael Papierski,2017
Louisiana State University Baseball Players,96,Josh Smith,2019
Louisiana State University Baseball Players,96,Paul Skenes (USAFA),2023
Louisiana State University Baseball Players,96,Hunter Feduccia (LSUE),2018
Louisiana State University Baseball Players,96,Dylan Crews,2023
Louisiana State University Baseball Players,96,Jaden Hill,2021
Louisiana State University Baseball Players,96,Cole Henry,2020
Louisiana State University Baseball Players,96,Grant Taylor,2022
Louisiana State University Baseball Players,96,Paul Gervase (Pfeiffer),2022
Louisiana State University Baseball Players,96,MLB Player Name,ayed
"University of California, Los Angeles Baseball Players",93,MLB Player Name,ayed
"University of California, Los Angeles Baseball Players",93,Marv Gudat,1928
"University of California, Los Angeles Baseball Players",93,Bill Brubaker,1932
"University of California, Los Angeles Baseball Players",93,Hal Spindel,1938
"University of California, Los Angeles Baseball Players",93,Dick Conger,1939
"University of California, Los Angeles Baseball Players",93,Bud Stewart,1937
"University of California, Los Angeles Baseball Players",93,Bud Sketchley,1941
"University of California, Los Angeles Baseball Players",93,Bobby Brown (Stanford & Tulane),1944
"University of California, Los Angeles Baseball Players",93,Jackie Robinson,1940
"University of California, Los Angeles Baseball Players",93,George Elder (Fordham),1947
"University of California, Los Angeles Baseball Players",93,Glenn Mickens,1953
"University of California, Los Angeles Baseball Players",93,Frank Ernaga,1951
"University of California, Los Angeles Baseball Players",93,MLB Player Name,ayed
"University of California, Los Angeles Baseball Players",93,MLB Player Name,ayed
"University of California, Los Angeles Baseball Players",93,Randy Schwartz,1964
"University of California, Los Angeles Baseball Players",93,Gail Hopkins (Pepperdine),1964
"University of California, Los Angeles Baseball Players",93,Rick Kester,1967
"University of California, Los Angeles Baseball Players",93,Bobby Floyd,1963
"University of California, Los Angeles Baseball Players",93,Jim York (Cerritos),1969
"University of California, Los Angeles Baseball Players",93,Bill Bonham,1970
"University of California, Los Angeles Baseball Players",93,Chris Chambliss,1969
"University of California, Los Angeles Baseball Players",93,Mike Reinbach,1969
"University of California, Los Angeles Baseball Players",93,Luis Gomez,1973
"University of California, Los Angeles Baseball Players",93,Bob Adams,1973
"University of California, Los Angeles Baseball Players",93,Mike Edwards,1974
"University of California, Los Angeles Baseball Players",93,Marshall Edwards,1974
"University of California, Los Angeles Baseball Players",93,Tim Leary,1979
"University of California, Los Angeles Baseball Players",93,Dave Rucker (La Verne),1977
"University of California, Los Angeles Baseball Players",93,Dave Schmidt,1979
"University of California, Los Angeles Baseball Players",93,Ron Roenicke,1977
"University of California, Los Angeles Baseball Players",93,Floyd Chiffer,1978
"University of California, Los Angeles Baseball Players",93,Don Slaught,1977
"University of California, Los Angeles Baseball Players",93,Dave Baker,1978
"University of California, Los Angeles Baseball Players",93,Matt Young,1980
"University of California, Los Angeles Baseball Players",93,Pat Clements,1983
"University of California, Los Angeles Baseball Players",93,Mike Gallego,1981
"University of California, Los Angeles Baseball Players",93,Colin Ward,1982
"University of California, Los Angeles Baseball Players",93,Pat Dodson,1980
"University of California, Los Angeles Baseball Players",93,Shane Mack,1984
"University of California, Los Angeles Baseball Players",93,Eric Nolte,1985
"University of California, Los Angeles Baseball Players",93,Torey Lovullo,1987
"University of California, Los Angeles Baseball Players",93,Alex Sanchez,1987
"University of California, Los Angeles Baseball Players",93,Todd Zeile,1986
"University of California, Los Angeles Baseball Players",93,Bill Haselman,1987
"University of California, Los Angeles Baseball Players",93,Jeff Conine,1987
"University of California, Los Angeles Baseball Players",93,Sean Berry,1985
"University of California, Los Angeles Baseball Players",93,Randy Hennis,1987
"University of California, Los Angeles Baseball Players",93,Tony Scruggs,1987
"University of California, Los Angeles Baseball Players",93,Mike Magnante,1988
"University of California, Los Angeles Baseball Players",93,Rich Amaral (Orange Coast),1983
"University of California, Los Angeles Baseball Players",93,Eric Karros,1988
"University of California, Los Angeles Baseball Players",93,Bob Hamelin,1987
"University of California, Los Angeles Baseball Players",93,Chris Pritchett,1991
"University of California, Los Angeles Baseball Players",93,Mike Fyhrie,1989
"University of California, Los Angeles Baseball Players",93,Ryan McGuire,1993
"University of California, Los Angeles Baseball Players",93,Tim Kubinski,1993
"University of California, Los Angeles Baseball Players",93,Jim Parque,1997
"University of California, Los Angeles Baseball Players",93,Troy Glaus,1997
"University of California, Los Angeles Baseball Players",93,Dave Roberts,1994
"University of California, Los Angeles Baseball Players",93,Adam Melhuse (Santa Clara),1993
"University of California, Los Angeles Baseball Players",93,Eric Byrnes,1998
"University of California, Los Angeles Baseball Players",93,Tom Jacquez,1997
"University of California, Los Angeles Baseball Players",93,Eric Valent,1998
"University of California, Los Angeles Baseball Players",93,Chase Utley,2000
"University of California, Los Angeles Baseball Players",93,Garrett Atkins,2000
"University of California, Los Angeles Baseball Players",93,Casey Janssen,2000
"University of California, Los Angeles Baseball Players",93,Ben Francisco (Cypress),2002
"University of California, Los Angeles Baseball Players",93,Josh Roenicke,2006
"University of California, Los Angeles Baseball Players",93,David Huff (Cypress),2006
"University of California, Los Angeles Baseball Players",93,Wes Whisler,2004
"University of California, Los Angeles Baseball Players",93,Brandon Crawford,2008
"University of California, Los Angeles Baseball Players",93,Trevor Bauer,2011
"University of California, Los Angeles Baseball Players",93,Tyson Brummett,2007
"University of California, Los Angeles Baseball Players",93,Jermaine Curtis,2008
"University of California, Los Angeles Baseball Players",93,Charles Brewer,2009
"University of California, Los Angeles Baseball Players",93,Gerrit Cole,2009
"University of California, Los Angeles Baseball Players",93,Rob Rasmussen,2010
"University of California, Los Angeles Baseball Players",93,Erik Goeddel,2010
"University of California, Los Angeles Baseball Players",93,Matt Grace,2010
"University of California, Los Angeles Baseball Players",93,Cody Decker,2009
"University of California, Los Angeles Baseball Players",93,Trevor Brown,2012
"University of California, Los Angeles Baseball Players",93,Travis Tartamella,2009
"University of California, Los Angeles Baseball Players",93,Pat Valaika,2013
"University of California, Los Angeles Baseball Players",93,Adam Plutko,2013
"University of California, Los Angeles Baseball Players",93,Zack Weiss,2013
"University of California, Los Angeles Baseball Players",93,Kevin Kramer,2015
"University of California, Los Angeles Baseball Players",93,Griffin Canning,2017
"University of California, Los Angeles Baseball Players",93,Tyler Heineman,2012
"University of California, Los Angeles Baseball Players",93,James Kaprielian,2015
"University of California, Los Angeles Baseball Players",93,Cody Poteet,2015
"University of California, Los Angeles Baseball Players",93,Jake Bird,2018
"University of California, Los Angeles Baseball Players",93,Sean Bouchard,2017
"University of California, Los Angeles Baseball Players",93,Garrett Mitchell,2020
"University of California, Los Angeles Baseball Players",93,Michael Toglia,2019
"University of California, Los Angeles Baseball Players",93,Ryan Kreidler,2019
"University of California, Los Angeles Baseball Players",93,Matt McLain,2021
"University of California, Los Angeles Baseball Players",93,Nick Nastrini,2021
"University of California, Los Angeles Baseball Players",93,MLB Player Name,ayed
University of Florida Baseball Players,86,MLB Players,ayed
University of Florida Baseball Players,86,Lance Richbourg,1919
University of Florida Baseball Players,86,Ned Porter,1926
University of Florida Baseball Players,86,Johnny Burnett,1926
University of Florida Baseball Players,86,Hank Boney,1927
University of Florida Baseball Players,86,Tiny Chaplin,1927
University of Florida Baseball Players,86,Russ Scarritt,1928
University of Florida Baseball Players,86,Bill Ferrazzi,1935
University of Florida Baseball Players,86,Lefty Guise,1930
University of Florida Baseball Players,86,Bill Ramsey,1940
University of Florida Baseball Players,86,Al Rosen,1942
University of Florida Baseball Players,86,Haywood Sullivan,1952
University of Florida Baseball Players,86,Casey Wise,1953
University of Florida Baseball Players,86,Nick Testa (Delaware),1946
University of Florida Baseball Players,86,Dale Willis,1956
University of Florida Baseball Players,86,Dennis Aust,1961
University of Florida Baseball Players,86,Bill Graham,1956
University of Florida Baseball Players,86,Ross Baumgarten,1977
University of Florida Baseball Players,86,Doug Corbett,1974
University of Florida Baseball Players,86,Roger Holt,1977
University of Florida Baseball Players,86,Marc Sullivan,1979
University of Florida Baseball Players,86,Randy O'Neal,1981
University of Florida Baseball Players,86,Steve Lombardozzi,1981
University of Florida Baseball Players,86,Rob Murphy,1980
University of Florida Baseball Players,86,Robby Thompson,1983
University of Florida Baseball Players,86,Mike Stanley,1985
University of Florida Baseball Players,86,Jeff Fischer,1985
University of Florida Baseball Players,86,Scott Lusader,1985
University of Florida Baseball Players,86,Steve Rosenberg,1986
University of Florida Baseball Players,86,Dave Eiland (USF),1985
University of Florida Baseball Players,86,Scott Ruskin,1985
University of Florida Baseball Players,86,Javier Ortiz,1982
University of Florida Baseball Players,86,Rod Brewer,1987
University of Florida Baseball Players,86,Mike Perez,1985
University of Florida Baseball Players,86,Herb Perry,1991
University of Florida Baseball Players,86,Jamie McAndrew,1989
University of Florida Baseball Players,86,Marc Valdes,1993
University of Florida Baseball Players,86,John Burke,1992
University of Florida Baseball Players,86,Kevin Polcovich,1992
University of Florida Baseball Players,86,Robert Dodd (MCC),1994
University of Florida Baseball Players,86,Paul Rigdon,1996
University of Florida Baseball Players,86,Chan Perry,1994
University of Florida Baseball Players,86,David Eckstein,1997
University of Florida Baseball Players,86,Brad Wilkerson,1998
University of Florida Baseball Players,86,Josh Fogg,1998
University of Florida Baseball Players,86,Mark Ellis,1999
University of Florida Baseball Players,86,David Ross,1998
University of Florida Baseball Players,86,Tim Olson,2000
University of Florida Baseball Players,86,Ryan Shealy,2002
University of Florida Baseball Players,86,Darren O'Day,2006
University of Florida Baseball Players,86,Matt LaPorta,2007
University of Florida Baseball Players,86,Bryan Augenstein,2007
University of Florida Baseball Players,86,Ryan Sadowski,2003
University of Florida Baseball Players,86,Nick Maronde,2011
University of Florida Baseball Players,86,Paco Rodriguez,2012
University of Florida Baseball Players,86,Mike Zunino,2012
University of Florida Baseball Players,86,Kevin Chapman,2010
University of Florida Baseball Players,86,Matt den Dekker,2010
University of Florida Baseball Players,86,Anthony DeSclafani,2011
University of Florida Baseball Players,86,Cole Figueroa,2008
University of Florida Baseball Players,86,Preston Tucker,2012
University of Florida Baseball Players,86,Brian Johnson,2012
University of Florida Baseball Players,86,Nolan Fontana,2012
University of Florida Baseball Players,86,Austin Maddox,2012
University of Florida Baseball Players,86,Harrison Bader,2015
University of Florida Baseball Players,86,Bobby Poyner,2014
University of Florida Baseball Players,86,Justin Shafer,2014
University of Florida Baseball Players,86,Eric Hanhold,2015
University of Florida Baseball Players,86,Pete Alonso,2016
University of Florida Baseball Players,86,Richie Martin,2015
University of Florida Baseball Players,86,Shaun Anderson,2016
University of Florida Baseball Players,86,A.J. Puk,2016
University of Florida Baseball Players,86,Brady Singer,2018
University of Florida Baseball Players,86,Dane Dunning,2016
University of Florida Baseball Players,86,Jonathan India,2018
University of Florida Baseball Players,86,Jackson Kowar,2018
University of Florida Baseball Players,86,Taylor Gushue,2014
University of Florida Baseball Players,86,Kirby Snead,2016
University of Florida Baseball Players,86,Mark Kolozsvary,2017
University of Florida Baseball Players,86,Alex Faedo,2017
University of Florida Baseball Players,86,Danny Young,2015
University of Florida Baseball Players,86,Dalton Guthrie,2017
University of Florida Baseball Players,86,Jacob Young,2021
University of Florida Baseball Players,86,Wyatt Langford,2023
University of Florida Baseball Players,86,Christian Scott,2021
University of Florida Baseball Players,86,Hurston Waldrep (USM),2022
University of Florida Baseball Players,86,Jac Caglianone,2024
University of Florida Baseball Players,86,MLB Players,ayed
University of Michigan Baseball Players,85,MLB Player Name,ayed
University of Michigan Baseball Players,85,Frank Bliss,1872
University of Michigan Baseball Players,85,Fleet Walker,1882
University of Michigan Baseball Players,85,Welday Walker,1884
University of Michigan Baseball Players,85,John Hibbard,1887
University of Michigan Baseball Players,85,Frank Sexton (Brown),1895
University of Michigan Baseball Players,85,Frank Bowerman,1892
University of Michigan Baseball Players,85,Red Killefer (Purdue),1907
University of Michigan Baseball Players,85,Bert Sincock,1908
University of Michigan Baseball Players,85,Chick Lathers,1909
University of Michigan Baseball Players,85,Fred Blanding,1910
University of Michigan Baseball Players,85,Doc Lavan,1913
University of Michigan Baseball Players,85,Jack Enzenroth,1910
University of Michigan Baseball Players,85,George Sisler,1915
University of Michigan Baseball Players,85,Mike Knode (Maryland),1920
University of Michigan Baseball Players,85,Bob Glenn,1919
University of Michigan Baseball Players,85,John Perrin,1921
University of Michigan Baseball Players,85,Slicker Parks,1920
University of Michigan Baseball Players,85,Ernie Vick,1922
University of Michigan Baseball Players,85,Ray Knode (Maryland),1922
University of Michigan Baseball Players,85,Jack Blott,1924
University of Michigan Baseball Players,85,Charlie Gehringer,1923
University of Michigan Baseball Players,85,Pete Appleton,1926
University of Michigan Baseball Players,85,Hal Elliott,1922
University of Michigan Baseball Players,85,Bud Morse (California),1927
University of Michigan Baseball Players,85,Bill McAfee,1929
University of Michigan Baseball Players,85,Ted Petoskey,1934
University of Michigan Baseball Players,85,Whitey Wistert,1934
University of Michigan Baseball Players,85,Johnny Gee (Syracuse),1937
University of Michigan Baseball Players,85,Elmer Gedeon,1939
University of Michigan Baseball Players,85,Dick Wakefield,1941
University of Michigan Baseball Players,85,Don Lund,1945
University of Michigan Baseball Players,85,Steve Boros,1957
University of Michigan Baseball Players,85,Don Eaddy,1955
University of Michigan Baseball Players,85,Dick LeMay,1957
University of Michigan Baseball Players,85,Bill Freehan,1961
University of Michigan Baseball Players,85,Mike Joyce,1961
University of Michigan Baseball Players,85,John Herrnstein,1958
University of Michigan Baseball Players,85,Fritz Fisher,1963
University of Michigan Baseball Players,85,Bill Roman,1960
University of Michigan Baseball Players,85,Dave Campbell,1964
University of Michigan Baseball Players,85,Ted Sizemore,1966
University of Michigan Baseball Players,85,Bill Zepp,1967
University of Michigan Baseball Players,85,Bob Reed,1966
University of Michigan Baseball Players,85,Elliott Maddox,1968
University of Michigan Baseball Players,85,Danny Fife,1971
University of Michigan Baseball Players,85,Tom Lundstedt,1970
University of Michigan Baseball Players,85,Geoff Zahn,1967
University of Michigan Baseball Players,85,Leon Roberts,1972
University of Michigan Baseball Players,85,Glenn Redmon,1969
University of Michigan Baseball Players,85,Jim Burton,1971
University of Michigan Baseball Players,85,Lary Sorensen,1976
University of Michigan Baseball Players,85,Steve Howe,1979
University of Michigan Baseball Players,85,Rick Leach,1979
University of Michigan Baseball Players,85,Steve Ontiveros,1982
University of Michigan Baseball Players,85,Barry Larkin,1985
University of Michigan Baseball Players,85,Jim Paciorek,1982
University of Michigan Baseball Players,85,Chris Sabo,1983
University of Michigan Baseball Players,85,Hal Morris,1986
University of Michigan Baseball Players,85,Gary Wayne,1984
University of Michigan Baseball Players,85,Jim Abbott,1988
University of Michigan Baseball Players,85,Scott Kamieniecki,1986
University of Michigan Baseball Players,85,Mike Ignasiak,1988
University of Michigan Baseball Players,85,Ross Powell,1989
University of Michigan Baseball Players,85,Mike Matheny,1991
University of Michigan Baseball Players,85,Dennis Konuszewski,1992
University of Michigan Baseball Players,85,Heath Murray,1994
University of Michigan Baseball Players,85,Kirt Ojala,1990
University of Michigan Baseball Players,85,Brian Simmons,1995
University of Michigan Baseball Players,85,Kelly Dransfeldt,1996
University of Michigan Baseball Players,85,J.J. Putz,2000
University of Michigan Baseball Players,85,Rich Hill,2002
University of Michigan Baseball Players,85,Jake Fox,2003
University of Michigan Baseball Players,85,Bobby Korecky,2002
University of Michigan Baseball Players,85,Mike Cervenak,1999
University of Michigan Baseball Players,85,Clayton Richard,2005
University of Michigan Baseball Players,85,Chris Getz (Wake Forest),2005
University of Michigan Baseball Players,85,Bobby Scales,1999
University of Michigan Baseball Players,85,Zach Putnam,2008
University of Michigan Baseball Players,85,Ryan LaMarre,2010
University of Michigan Baseball Players,85,James Bourque,2014
University of Michigan Baseball Players,85,Jake Cronenworth,2015
University of Michigan Baseball Players,85,Karl Kauffmann,2019
University of Michigan Baseball Players,85,Ricky Karcher (Walters),2016
University of Michigan Baseball Players,85,Jeff Criswell,2020
University of Michigan Baseball Players,85,MLB Player Name,ayed
University of Oklahoma Baseball Players,84,MLB Player Name,ayed
University of Oklahoma Baseball Players,84,Chick Brandom,1907
University of Oklahoma Baseball Players,84,Elmer Ponder,1915
University of Oklahoma Baseball Players,84,Uke Clanton,1916
University of Oklahoma Baseball Players,84,Liz Funk,1928
University of Oklahoma Baseball Players,84,Buster Mills,1931
University of Oklahoma Baseball Players,84,Jeff Cross,1938
University of Oklahoma Baseball Players,84,Dee Sanders,1942
University of Oklahoma Baseball Players,84,Dale Mitchell,1945
University of Oklahoma Baseball Players,84,Lou Kretlow,1942
University of Oklahoma Baseball Players,84,Les Layton,1942
University of Oklahoma Baseball Players,84,Rudy Rufer (Dartmouth),1947
University of Oklahoma Baseball Players,84,Bob Stephenson,1950
University of Oklahoma Baseball Players,84,Lindy McDaniel,1955
University of Oklahoma Baseball Players,84,Eddie Fisher,1958
University of Oklahoma Baseball Players,84,Don Schwall,1957
University of Oklahoma Baseball Players,84,Mike Brumley,1957
University of Oklahoma Baseball Players,84,John Gelnar,1962
University of Oklahoma Baseball Players,84,George Kernek,1961
University of Oklahoma Baseball Players,84,Carl Morton,1964
University of Oklahoma Baseball Players,84,Joe Simpson,1973
University of Oklahoma Baseball Players,84,Bob Shirley,1975
University of Oklahoma Baseball Players,84,Jackson Todd,1973
University of Oklahoma Baseball Players,84,George Frazier,1976
University of Oklahoma Baseball Players,84,Keith Drumright,1976
University of Oklahoma Baseball Players,84,Mickey Hatcher,1977
University of Oklahoma Baseball Players,84,Joe Price (Oklahoma State),1977
University of Oklahoma Baseball Players,84,Gene Krug,1977
University of Oklahoma Baseball Players,84,Roger LaFrancois,1977
University of Oklahoma Baseball Players,84,Terry Bogener,1978
University of Oklahoma Baseball Players,84,Nick Capra (Blinn),1979
University of Oklahoma Baseball Players,84,Danny Jackson,1981
University of Oklahoma Baseball Players,84,John Russell,1982
University of Oklahoma Baseball Players,84,Bobby Witt,1985
University of Oklahoma Baseball Players,84,Ray Hayward,1983
University of Oklahoma Baseball Players,84,Steve Peters (Seminole),1985
University of Oklahoma Baseball Players,84,De Wayne Vaughn,1981
University of Oklahoma Baseball Players,84,Jack Armstrong (Rider),1987
University of Oklahoma Baseball Players,84,Chris Howard (USL),1987
University of Oklahoma Baseball Players,84,Russ McGinnis,1985
University of Oklahoma Baseball Players,84,Derrick White (SRJC),1991
University of Oklahoma Baseball Players,84,Kevin King,1990
University of Oklahoma Baseball Players,84,Matt Ruebel,1990
University of Oklahoma Baseball Players,84,Greg Norton,1993
University of Oklahoma Baseball Players,84,Russ Ortiz,1995
University of Oklahoma Baseball Players,84,Steve Connelly,1995
University of Oklahoma Baseball Players,84,Ryan Minor,1995
University of Oklahoma Baseball Players,84,Darron Cox,1989
University of Oklahoma Baseball Players,84,Mark Redman (Master's),1995
University of Oklahoma Baseball Players,84,Damon Minor,1996
University of Oklahoma Baseball Players,84,Kevin Olsen,1998
University of Oklahoma Baseball Players,84,Geoff Geary,1998
University of Oklahoma Baseball Players,84,Val Pascucci,1998
University of Oklahoma Baseball Players,84,Jason Bartlett (SJDC),2001
University of Oklahoma Baseball Players,84,Jeff Bajenaru,2000
University of Oklahoma Baseball Players,84,Greg Dobbs,2001
University of Oklahoma Baseball Players,84,Kyle Denney (Seminole),1999
University of Oklahoma Baseball Players,84,Brian Shackelford,1998
University of Oklahoma Baseball Players,84,Reggie Willits (Seminole),2003
University of Oklahoma Baseball Players,84,Rocky Cherry,2001
University of Oklahoma Baseball Players,84,David Purcey,2004
University of Oklahoma Baseball Players,84,Ryan Rohlinger,2006
University of Oklahoma Baseball Players,84,Chris Jakubauskas,2001
University of Oklahoma Baseball Players,84,Daniel McCutchen (Grayson),2006
University of Oklahoma Baseball Players,84,Garrett Richards,2009
University of Oklahoma Baseball Players,84,Burch Smith (Howard),2011
University of Oklahoma Baseball Players,84,Chase Anderson,2009
University of Oklahoma Baseball Players,84,Jackson Williams,2007
University of Oklahoma Baseball Players,84,Jon Gray,2013
University of Oklahoma Baseball Players,84,Steven Okert (Grayson),2012
University of Oklahoma Baseball Players,84,Zach Neal (Howard),2010
University of Oklahoma Baseball Players,84,Dillon Overton,2013
University of Oklahoma Baseball Players,84,Damien Magnifico (Howard),2012
University of Oklahoma Baseball Players,84,Jacob Rhame (Grayson),2012
University of Oklahoma Baseball Players,84,Jack Mayfield,2013
University of Oklahoma Baseball Players,84,Sheldon Neuse,2016
University of Oklahoma Baseball Players,84,Ralph Garza Jr.,2015
University of Oklahoma Baseball Players,84,Kyle Tyler,2018
University of Oklahoma Baseball Players,84,Steele Walker,2018
University of Oklahoma Baseball Players,84,Cade Cavalli,2020
University of Oklahoma Baseball Players,84,Cody Thomas,2016
University of Oklahoma Baseball Players,84,Jake Irvin,2018
University of Oklahoma Baseball Players,84,Lane Ramsey,2018
University of Oklahoma Baseball Players,84,Nathan Wiles,2019
University of Oklahoma Baseball Players,84,Cade Horton,2022
University of Oklahoma Baseball Players,84,MLB Player Name,ayed
